lang_pair,source,reference,deepl,produced_from,inner_id,spatial_sense,error_type
en_pt_br,"Our actions change the environment, or context, and these changes are then fed back into the decision loop.","Nossas ações modificam o ambiente, ou o contexto, e estas mudanças, por sua vez, retroalimentam a alça de decisão.","Nossas ações mudam o ambiente, ou contexto, e essas mudanças são então realimentadas no ciclo de decisão.",SRC_TM_DATA/data_2024/en-pt_br-2.tmx,233,Through(5),cc
en_pt_br,"And so this starts in four weeks, at the end of the summer, and my partner and I, Matthew and I, just went through the arduous and totally convoluted process of getting certified as high school teachers to actually run it.","Isso começa em quatro semanas, no final do verão. E meu parceiro e eu, Matthew e eu, acabamos de passar por um árduo e complicado processo de obter certificados de professores do ensino médio para executá-lo.","Portanto, o curso começa daqui a quatro semanas, no final do verão, e meu parceiro e eu, Matthew e eu, acabamos de passar pelo árduo e totalmente complicado processo de obter a certificação de professores do ensino médio para poder realizá-lo.",SRC_TM_DATA/data_2024/en-pt_br-2.tmx,444,Through(5),cc
en_pt_br,But that math liberation didn't get into education yet.,Mas esta libertação da matemática ainda não chegou na educação.,Mas essa liberação da matemática ainda não havia chegado à educação.,SRC_TM_DATA/data_2024/en-pt_br-2.tmx,966,Into(3),po
en_pt_br,"So I have this distinction between what we're making people do and the subject that's sort of mainstream and the subject that, in a sense, people might follow with their own interest and perhaps even be spiked into doing that.","Por isso faço a distinção entre o que estamos forçando as pessoas a fazer e o assunto que está na moda e o assunto que, de certo modo, as pessoas podem seguir por interesse próprio e talvez até serem incentivadas a isto.","Portanto, faço essa distinção entre o que estamos obrigando as pessoas a fazer e o assunto que é uma espécie de corrente dominante e o assunto que, de certa forma, as pessoas podem seguir com seu próprio interesse e talvez até mesmo ser estimuladas a fazer isso.",SRC_TM_DATA/data_2024/en-pt_br-2.tmx,991,Into(3),cc
en_pt_br,And we get sucked into that faster than anything.,E caímos nessa mais rápido que qualquer outra coisa.,E somos sugados por isso mais rápido do que qualquer outra coisa.,SRC_TM_DATA/data_2024/en-pt_br-2.tmx,2113,Into(3),ie
en_pt_br,So even property rights have ambiguity built into them.,"Então, até os direitos de propriedade trazem ambiguidade,","Portanto, até mesmo os direitos de propriedade têm uma ambiguidade embutida.",SRC_TM_DATA/data_2024/en-pt_br-2.tmx,2454,Into(3),cc
en_pt_br,"But here's the thing: our aim is to encourage students to articulate their own opinions, not to coerce them into agreeing with us, so it actually doesn't matter if he and I agree.","Mas, penso da seguinte forma, nosso objetivo é incentivar os alunos a articular opiniões próprias, e não coagi-los a concordar conosco. Por isso, não importa se eu e ele concordarmos.","Mas a questão é a seguinte: nosso objetivo é incentivar os alunos a articularem suas próprias opiniões, não coagi-los a concordar conosco, portanto, na verdade, não importa se ele e eu concordamos.",SRC_TM_DATA/data_2024/en-pt_br-2.tmx,2797,Into(3),cc
en_pt_br,"So the question started to work its way into my work life, as well.","Assim, aquela pergunta começou a impactar meu trabalho também.","Assim, a questão começou a entrar em minha vida profissional também.",SRC_TM_DATA/data_2024/en-pt_br-2.tmx,2901,Into(3),ie
en_pt_br,"I'm taking the temperature of the canal outside, pumping it through the heat exchange mechanism, it's turning through these amazing sails on the roof, and that, in turn, is falling softly onto the people in the restaurant, cooling them, or heating them, as the need may be.","Eu pego a temperatura do canal na parte de fora, bombeio pelo mecanismo de troca de calor, e ele é conduzido à essas saídas maravilhosas pelo teto, e que, por sua vez, cai suavemente sobre as pessoas do restaurante, refrescando-os, ou aquecendo-os, como a necessidade mandar.","Estou pegando a temperatura do canal externo, bombeando-a através do mecanismo de troca de calor, ela está girando através dessas incríveis velas no telhado e isso, por sua vez, está caindo suavemente sobre as pessoas no restaurante, resfriando-as ou aquecendo-as, conforme a necessidade.",SRC_TM_DATA/data_2024/en-pt_br-2.tmx,3274,Through(5),sp
en_pt_br,"We are now going through an amazing and unprecedented moment where the power dynamics between men and women are shifting very rapidly, and in many of the places where it counts the most, women are, in fact, taking control of everything.","Estamos agora passando por um momento incrível e sem precedentes onde a dinâmica do poder entre homens e mulheres está mudando rapidamente. E em muitos lugares onde isso é mais importante, as mulheres estão, de fato, tomando o controle de tudo.","Estamos passando por um momento incrível e sem precedentes em que a dinâmica do poder entre homens e mulheres está mudando muito rapidamente e, em muitos dos lugares mais importantes, as mulheres estão, de fato, assumindo o controle de tudo.",SRC_TM_DATA/data_2024/en-pt_br-2.tmx,4074,Through(5),cc
en_pt_br,"BJ: But through our investigation, we have to seek the wildest places in Africa.","BJ: Mas através de nossa investigação, temos de procurar os lugares mais selvagens na África.","BJ: Mas, por meio de nossa investigação, temos de procurar os lugares mais selvagens da África.",SRC_TM_DATA/data_2024/en-pt_br-2.tmx,5325,Through(5),cc
en_pt_br,"A new male comes into the area and takes over the pride, and, of course, first of all kills all the cubs and possibly some of the females that are defending their cubs.","Um novo macho vem para a área e domina o bando, e, é claro, primeiro de tudo mata os filhotes e possivelmente algumas fêmeas que defendem seus filhotes.","Um novo macho chega à área e assume o controle do bando e, é claro, primeiro mata todos os filhotes e possivelmente algumas das fêmeas que estão defendendo seus filhotes.",SRC_TM_DATA/data_2024/en-pt_br-2.tmx,5426,Through(5),cc
en_pt_br,"Even Goldman Sachs once used to serve clients, before it turned into an institution that serves only itself.","Mesmo o Goldman Sachs já foi utilizado para servir seus clientes, antes de se tornar uma instituição que serve apenas a si mesmo.","Até mesmo a Goldman Sachs costumava atender aos clientes, antes de se transformar em uma instituição que atende apenas a si mesma.",SRC_TM_DATA/data_2024/en-pt_br-2.tmx,6334,Into(3),cc
en_pt_br,"We brought a musician into the scanner, same way, had them memorize this melody then had another musician out in the control room trading back and forth interactively.",Agora o que fizemos foi levar um músico ao scanner – do mesmo jeito – fazê-lo memorizar essa melodia e dispor de outro músico fora da sala de experimento revezando interativamente.,"Levamos um músico para o scanner, da mesma forma, fizemos com que ele memorizasse essa melodia e depois tivemos outro músico na sala de controle trocando interativamente.",SRC_TM_DATA/data_2024/en-pt_br-2.tmx,6518,Into(1),po
en_pt_br,Radiologists classify breast density into four categories based on the appearance of the tissue on a mammogram.,Os radiologistas classificam a densidade do seio em quatro categorias baseadas na aparência do tecido na mamografia.,Os radiologistas classificam a densidade da mama em quatro categorias com base na aparência do tecido em uma mamografia.,SRC_TM_DATA/data_2024/en-pt_br-2.tmx,6624,Into(3),cc
en_pt_br,"One day my wife came home from work and summoned the courage, through a lot of tears, to have a very honest conversation.","Um dia minha esposa chegou do trabalho e juntou coragem, em meio a várias lágrimas, para ter uma conversa muito honesta.","Um dia, minha esposa chegou em casa do trabalho e teve a coragem, em meio a muitas lágrimas, de ter uma conversa muito honesta.",SRC_TM_DATA/data_2024/en-pt_br-2.tmx,6777,Through(5),cc
en_pt_br,"Local communities on the East Coast would get together and whole teams of 10, 20 people would caravan across the United States, and they would form companies.","Pequenas comunidades do Leste se uniriam em equipes de 10 ou 20 pessoas e atravessariam do país, e formariam empresas.","As comunidades locais da Costa Leste se reuniam e equipes inteiras de 10, 20 pessoas faziam caravanas pelos Estados Unidos e formavam empresas.",SRC_TM_DATA/data_2024/en-pt_br-2.tmx,7038,Across(2),cc
en_pt_br,"So the light bulb laid down the heavy infrastructure, and then home appliances started coming into being.","Então a lâmpada construiu a pesada infraestrutura, e os eletrodomésticos começaram a existir.","Assim, a lâmpada estabeleceu a infraestrutura pesada e, em seguida, os eletrodomésticos começaram a surgir.",SRC_TM_DATA/data_2024/en-pt_br-2.tmx,7107,Into(3),cc
en_pt_br,And you might think that that was incredibly stupid of our ancestors to be plugging things into a light socket like this.,E podemos pensar que era muita estupidez de nossos ancestrais ligar coisas a bocais assim.,E você pode pensar que foi incrivelmente estúpido da parte de nossos ancestrais conectar coisas em uma tomada de luz como essa.,SRC_TM_DATA/data_2024/en-pt_br-2.tmx,7154,Into(1),cc
en_pt_br,And that was brought into force to try and deal with the mountain of stuff that is just being made and then living for a while in our homes and then going to landfill.,E foi iniciada para tentar lidar com a montanha de coisas que estão sendo feitas e que vivem por um tempo em nossas casas e então são descartadas.,E isso foi implementado para tentar lidar com a montanha de coisas que estão sendo feitas e que vivem por um tempo em nossas casas e depois vão para o aterro sanitário.,SRC_TM_DATA/data_2024/en-pt_br-2.tmx,7345,Into(3),cc
en_pt_br,I fell through my apartment door and crawled to the bathroom where I found my problem: I had forgotten to mix in the most important part of my medicine.,Caí pela porta do apartamento e rastejei até o banheiro onde descobri meu problema: eu tinha esquecido de misturar a parte mais importante do meu medicamento.,"Caí pela porta do meu apartamento e me arrastei até o banheiro, onde encontrei o meu problema: eu havia esquecido de misturar a parte mais importante do meu medicamento.",SRC_TM_DATA/data_2024/en-pt_br-2.tmx,7779,Through(1),cc
en_pt_br,So transforming the data set into something that looks like this.,Transformar o conjunto de dados em algo parecido com isso.,"Assim, transformando o conjunto de dados em algo parecido com isto.",SRC_TM_DATA/data_2024/en-pt_br-2.tmx,8053,Into(3),cc
en_pt_br,"And you know, for a few hundred bucks you can get these things and put them into your computer, and you can do fantastic things with these graphics cards.","E por algumas centenas de dólares vocês compram essas coisas e colocam no seu computador, e podem fazer coisas fantásticas com esses cartões gráficos.","E você sabe, por algumas centenas de dólares você pode comprar essas coisas e colocá-las em seu computador, e você pode fazer coisas fantásticas com essas placas gráficas.",SRC_TM_DATA/data_2024/en-pt_br-2.tmx,8075,Into(3),cc
en_pt_br,"If I push even harder, I'll go through the bone structure, especially close to the ear where the bone is very soft.","Se pressiono mais ainda, vou através da estrutura óssea, especialmente perto do ouvido onde o osso é esponjoso.","Se eu forçar ainda mais, vou atravessar a estrutura óssea, especialmente perto da orelha, onde o osso é muito macio.",SRC_TM_DATA/data_2024/en-pt_br-2.tmx,8151,Through(3),cc
en_pt_br,"And yet we still insist, by and large, in thinking that we can understand China by simply drawing on Western experience, looking at it through Western eyes, using Western concepts.","E ainda assim, nós insistimos, com grande margem, em pensar que podemos entender a China simplesmente por extrair da experiência Ocidental, olhando através de olhos Ocidentais, usando conceitos Ocidentais.","E, no entanto, ainda insistimos, de modo geral, em pensar que podemos entender a China simplesmente com base na experiência ocidental, olhando para ela com olhos ocidentais, usando conceitos ocidentais.",SRC_TM_DATA/data_2024/en-pt_br-2.tmx,8405,Through(5),cc
en_pt_br,"We need to connect the information always with the action, and then that action feeds back into different information, and it creates, of course, a feedback loop.","Nós precisamos conectar a informação sempre com a ação, e aí essa ação dá um feedback uma informação diferente, e isso cria, obviamente, um ciclo de feedback.","Precisamos sempre conectar as informações com a ação e, em seguida, essa ação retroalimenta informações diferentes, criando, é claro, um ciclo de feedback.",SRC_TM_DATA/data_2024/en-pt_br-2.tmx,8546,Into(3),cc
en_pt_br,How do I integrate this information into the longer course of my life?,Como eu integro essa informação a longo prazo em minha vida?,Como faço para integrar essas informações no curso mais longo de minha vida?,SRC_TM_DATA/data_2024/en-pt_br-2.tmx,8665,Into(3),cc
en_pt_br,"Now they've aged out of that demographic, but it's still the case that powerful ratings companies like Nielson don't even take into account viewers of television shows over age 54.","Agora eles envelheceram além dessa demografia, mas ainda é o caso de grandes companhias de pesquisa como a Nielson não levarem em conta os espectadores de shows de televisão com mais de 54 anos.","Agora elas saíram desse grupo demográfico, mas ainda acontece de empresas de classificação poderosas, como a Nielson, nem mesmo levarem em conta os espectadores de programas de televisão com mais de 54 anos.",SRC_TM_DATA/data_2024/en-pt_br-2.tmx,9187,Into(3),cc
en_pt_br,"But the under-underdog hangs tough, and 22 miles into a 26-mile race, there is Derartu Tulu, up there with the lead pack.","Mas a ""sub-azarão"" aguenta firme. E depois de 35 km dos quase 42 km, lá está Derartu Tulu junto com a linha de frente.","Mas o azarão se mantém firme e, a 22 milhas de uma corrida de 26 milhas, lá está Derartu Tulu, na liderança.",SRC_TM_DATA/data_2024/en-pt_br-2.tmx,9420,Into(3),cc
en_pt_br,Another important idea is this notion of persistence of character across realities.,Outra ideia importante é a noção da persistência do personagem entre as realidades.,Outra ideia importante é essa noção de persistência do caráter em todas as realidades.,SRC_TM_DATA/data_2024/en-pt_br-2.tmx,10002,Across(5),po
en_pt_br,"They produce six different types of silk, which is spun together into a fiber, tougher than any fiber humans have ever made.","Elas produzem seis deferentes tipos de seda, que são fiadas juntas em uma fibra, mais resistente do que qualquer fibra que já tenha sido produzida pelo homem.","Eles produzem seis tipos diferentes de seda, que são unidos em uma fibra, mais resistente do que qualquer outra fibra já produzida por humanos.",SRC_TM_DATA/data_2024/en-pt_br-2.tmx,10117,Into(3),cc
en_pt_br,And what we found is that we got into a positive cycle in which one breakthrough facilitated another.,E o que nós encontramos é que nós entramos em um ciclo positivo em que um avanço facilita outro.,E o que descobrimos é que entramos em um ciclo positivo no qual uma descoberta facilitou a outra.,SRC_TM_DATA/data_2024/en-pt_br-2.tmx,10148,Into(3),"an, cn"
en_pt_br,"So it transformed a linear process into a closed-loop model, and it created more value in the process.","Então se transformou de um processo linear para um modelo de circuíto fechado, e criou-se mais valor no processo.","Assim, transformamos um processo linear em um modelo de ciclo fechado e criamos mais valor no processo.",SRC_TM_DATA/data_2024/en-pt_br-2.tmx,10171,Into(3),cc
en_pt_br,"And with just a little bit of planning, we could transform a space dominated by traffic into one that provides open space for people, reconnects people with food and transforms waste into closed loop opportunities.","E apenas com um pouco de planejamento, nós poderemos transformar um espaço dominado pelo trânsito em um que vai proporcionar um espaço aberto para as pessoas, reconectar pessoas com alimentos e transformar resíduos em um circuíto fechado de oportunidades.","E com apenas um pouco de planejamento, poderíamos transformar um espaço dominado pelo tráfego em um espaço aberto para as pessoas, reconectando-as com os alimentos e transformando o desperdício em oportunidades de ciclo fechado.",SRC_TM_DATA/data_2024/en-pt_br-2.tmx,10185,Into(3),cc
en_pt_br,"With every handful of the powder they throw into the air, their white saris slowly start to suffuse with color.","Com cada punhado de pó que jogam para o ar, seus saris brancos aos poucos começam a se cobrir de cores.","A cada punhado de pó que jogam no ar, seus saris brancos começam lentamente a se encher de cor.",SRC_TM_DATA/data_2024/en-pt_br-2.tmx,10738,Into(1),cc
en_pt_br,"However, if I today, then you tomorrow, maybe even more of us someday, if we embrace our right to look like ourselves, then in the world that's been violently whitewashed, we will become the pinpricks of color pushing through, much like those widows of Vrindavan.","No entanto, se eu hoje, depois você amanhã, talvez mais alguns de nós algum dia, se abraçarmos nosso direito de sermos nós mesmos, em um mundo que tem sido violentamente privado de cores, seremos esses raios de cores que abrem luz pelo caminho, como as viúvas de Vrindavan.","No entanto, se eu hoje, e você amanhã, talvez até mais de nós algum dia, abraçarmos nosso direito de nos parecermos com nós mesmos, então, no mundo que foi violentamente embranquecido, nos tornaremos os pontinhos de cor que se destacam, como aquelas viúvas de Vrindavan.",SRC_TM_DATA/data_2024/en-pt_br-2.tmx,10769,Through(5),cc
en_pt_br,"And my dream is we'll have a world one day where we don't just honor those who take money and make more money from it, but we find those individuals who take our resources and convert it into changing the world in the most positive ways.","E o meu sonho é que tenhamos um dia um mundo onde nós não apenas honremos aqueles que pegam dinheiro e fazem mais dinheiro com ele, mas encontremos aqueles indivíduos que pegam nossos recursos e os convertem mudando o mundo de maneiras mais positivas.","E meu sonho é que um dia tenhamos um mundo em que não honremos apenas aqueles que pegam dinheiro e ganham mais dinheiro com isso, mas que encontremos aqueles indivíduos que pegam nossos recursos e os convertem para mudar o mundo da maneira mais positiva possível.",SRC_TM_DATA/data_2024/en-pt_br-2.tmx,10867,Into(3),cc
en_pt_br,"We talk things over with our friends, we scour the Internet, we search through books.","Nós conversamos com nossos amigos, pesquisamos na internet, buscamos nos livros.","Conversamos com nossos amigos, vasculhamos a Internet e pesquisamos em livros.",SRC_TM_DATA/data_2024/en-pt_br-2.tmx,11181,Through(5),cc
en_pt_br,"And then there's, of course, the example that we're all too aware of: financial experts getting it so wrong that we're living through the worst recession since the 1930s.","E então tem, é claro, o exemplo que todos nós somos muito cientes: os experts em finanças erraram tanto que estamos passando pela pior recessão desde os anos 1930.","E há, é claro, o exemplo que todos nós conhecemos: especialistas financeiros errando tanto que estamos vivendo a pior recessão desde a década de 1930.",SRC_TM_DATA/data_2024/en-pt_br-2.tmx,11199,Through(5),cc
en_pt_br,I've shared with you so far some insights into the world of experts.,"Até agora, compartilhei alguns insights no mundo dos especialistas.","Até agora, compartilhei com vocês algumas percepções sobre o mundo dos especialistas.",SRC_TM_DATA/data_2024/en-pt_br-2.tmx,11214,Through(5),cc
en_pt_br,"And this bone is peppered, as you can see, with the light shining through the skull with cavities, the sinuses, which warm and moisten the air we breathe.","E, este osso é salpicado, como vocês podem ver através da transiluminação do crânio, por cavidades, seios, que aquecem e umidificam o ar que inspiramos.","E esse osso é salpicado, como você pode ver, com a luz que brilha através do crânio com cavidades, os seios da face, que aquecem e umedecem o ar que respiramos.",SRC_TM_DATA/data_2024/en-pt_br-2.tmx,11312,Through(3),sp
en_pt_br,"Now the data is sent to the server in real time, and a heat map is plotted, taking into account all the active devices on the ground.","Os dados são enviados em tempo real e um mapa de calor é impresso, levando em conta todos os dispositivos ativos no chão.","Agora, os dados são enviados ao servidor em tempo real e um mapa de calor é traçado, levando em conta todos os dispositivos ativos no local.",SRC_TM_DATA/data_2024/en-pt_br-2.tmx,11536,Into(3),cc
en_pt_br,"So that night, I packed all my things in a bag, and I walked into my father's room and told him, ""Tomorrow morning, the bus is going to come in.","Naquela noite, fiz minha mala, entrei no quarto do meu pai e disse: ""Amanhã cedo o ônibus vai passar.","Então, naquela noite, coloquei todas as minhas coisas em uma bolsa, entrei no quarto do meu pai e disse a ele: ""Amanhã de manhã, o ônibus vai chegar.",SRC_TM_DATA/data_2024/en-pt_br-2.tmx,11977,Into(1),cc
en_pt_br,"And for a moment I was wondering, are we going to live in order to see real change happening on the ground, a change that does not come through foreign intervention, through the misery of occupation, through nations invading our land and deepening the sense of inferiority sometimes?","E, por um momento, pensei será que viveremos o suficiente para ver mudanças reais acontecendo neste panorama, uma mudança que não seja por intervenção estrangeira, pela miséria da ocupação, de outras nações invadindo nossa terra e aprofundando, muitas vezes, o sentimento de inferioridade?","E, por um momento, fiquei me perguntando: será que vamos viver para ver uma mudança real acontecendo no local, uma mudança que não venha por meio de intervenção estrangeira, por meio da miséria da ocupação, por meio de nações que invadem nossa terra e, às vezes, aprofundam o sentimento de inferioridade?",SRC_TM_DATA/data_2024/en-pt_br-2.tmx,12042,Through(5),cc
en_pt_br,"And it's really in this combined way that you get an overall sense of what's going on, because there's a lot of complex things like Medicaid and research money that flow across those boundaries.","E é realmente desta forma combinada que você tem um sensação geral do que está acontecendo, porque há um monte de coisas complexas como o Medicaid e dinheiro de pesquisa que flui ao longo dessas fronteiras.","E é realmente dessa forma combinada que você tem uma noção geral do que está acontecendo, porque há muitas coisas complexas, como o Medicaid e o dinheiro da pesquisa, que fluem através dessas fronteiras.",SRC_TM_DATA/data_2024/en-pt_br-2.tmx,12560,Through(5),sp
en_pt_br,"That is, through various gimmicks and things, a so-called balanced budget had led him to have 25 billion missing out of the 76 billion in proposed spending.","Ou seja, através de diversos artifícios e coisas, um assim chamado orçamento equilibrado o levou a ter 25 bilhões faltando do total de 76 bilhões em gastos propostos.","Ou seja, por meio de vários artifícios e outras coisas, o chamado orçamento equilibrado o levou a perder 25 bilhões dos 76 bilhões de gastos propostos.",SRC_TM_DATA/data_2024/en-pt_br-2.tmx,12580,Through(5),sp
en_pt_br,"A few weeks later, you have your engineered organ that we're able to implant back into the patient.","Poucas semanas depois, você tem seu órgão artificial que nós somos capazes de implantar de volta no paciente.","Algumas semanas depois, você tem seu órgão projetado que podemos implantar no paciente.",SRC_TM_DATA/data_2024/en-pt_br-2.tmx,12724,Into(1),cc
en_pt_br,"Here's the scanner going through, scanning the wound.",Aqui está o scanner passando e digitalizando a ferida.,"Aqui está o scanner passando, examinando a ferida.",SRC_TM_DATA/data_2024/en-pt_br-2.tmx,12751,Through(3),cc
en_pt_br,"It wasn't perfect, but it got us through the last century.","Ela não era perfeita, mas nos conduziu pelo último século.","Não era perfeito, mas nos ajudou a atravessar o século passado.",SRC_TM_DATA/data_2024/en-pt_br-2.tmx,13188,Through(5),cc
en_pt_br,And all of these fed into a disc array that was designed for a continuous capture.,E tudo isto ia para uma série de discos desenvolvidos para uma captação ininterrupta.,E todos eles foram alimentados em uma matriz de discos projetada para uma captura contínua.,SRC_TM_DATA/data_2024/en-pt_br-2.tmx,13207,Through(3),"an, cn"
en_pt_br,"So here we are flying through a day in our home as we move from sunlit morning through incandescent evening and, finally, lights out for the day.","Aqui estamos sobrevoando um dia em nossa casa à medida em que passamos de uma manhã de sol a uma noite incandescente e, finalmente, luzes apagadas.","Então, aqui estamos voando durante um dia em nossa casa, passando de uma manhã ensolarada para uma noite incandescente e, finalmente, apagando as luzes do dia.",SRC_TM_DATA/data_2024/en-pt_br-2.tmx,13208,Through(5),cc
en_pt_br,"The reason we did this is to create the ultimate memory machine, where you can go back and interactively fly around and then breathe video-life into this system.","Nós fizemos isso para criar a máquina de memória definitiva, onde você pode voltar no tempo e interagir e então aspirar a vida do vídeo neste sistema.","O motivo pelo qual fizemos isso foi para criar a máquina de memória definitiva, na qual você pode voltar e voar interativamente e, em seguida, dar vida a esse sistema por meio de vídeo.",SRC_TM_DATA/data_2024/en-pt_br-2.tmx,13252,Into(3),cc
en_pt_br,"When you meet them, they lock into you, they look you in the eye, they invade your personal space, they massage the back of your head.","Quando você os encontra, eles se focam em você, eles olham nos seus olhos, eles invadem seu espaço pessoal, eles massageiam a sua nuca.","Quando você os encontra, eles se fixam em você, olham nos seus olhos, invadem o seu espaço pessoal e massageiam a sua nuca.",SRC_TM_DATA/data_2024/en-pt_br-2.tmx,13434,Into(3),cc
en_pt_br,It might spill off into the Hudson a little bit before it destroyed the Earth.,Poderia passar um pouco para o Rio Hudson antes de destruir a Terra.,Ela pode se espalhar um pouco pelo Hudson antes de destruir a Terra.,SRC_TM_DATA/data_2024/en-pt_br-2.tmx,13648,Into(1),cc
en_pt_br,Imagine a lighter black hole falling into a very heavy black hole.,Imaginem um buraco negro mais leve caindo em um buraco negro muito pesado.,Imagine um buraco negro mais leve caindo em um buraco negro muito pesado.,SRC_TM_DATA/data_2024/en-pt_br-2.tmx,13688,Into(1),cc
en_pt_br,"It also helped me to avoid the trap people in my profession sometimes fall into when trying to innovate, where we are quick to apply a technology before we've firmly grasped the problem at hand.","Também me ajudou a evitar a armadilha em que pessoas da minha profissão às vezes caem quando tentam inovar, e rapidamente aplicamos a tecnologia antes de entendermos muito bem o problema que temos.","Isso também me ajudou a evitar a armadilha em que as pessoas em minha profissão às vezes caem quando tentam inovar, em que somos rápidos em aplicar uma tecnologia antes de compreendermos com firmeza o problema em questão.",SRC_TM_DATA/data_2024/en-pt_br-2.tmx,13821,Into(1),cc
en_pt_br,"In fact, it's water's ability to adapt and change and remain flexible that made it so enduring through the ages, despite all the changes in the environment.","A bem da verdade, é a sua capacidade de adaptação, mudança e flexibilidade que a tornou duradora através dos anos, apesar de todas as mudanças no ambiente.","De fato, foi a capacidade da água de se adaptar, mudar e permanecer flexível que a tornou tão duradoura ao longo dos tempos, apesar de todas as mudanças no ambiente.",SRC_TM_DATA/data_2024/en-pt_br-2.tmx,14460,Through(5),cc
en_pt_br,"And what's interesting to me is that the teams that usually win are not the ones with the most experienced team members, but the ones with members who are open to learn, who are open to unlearn and who are open to helping each other navigate through the changing circumstances.","O mais interessante para mim é que as equipes vencedoras não são aquelas com membros de maior experiência, mas sim, as mais abertas a aprender, e a desaprender, abertas a auxiliar uma à outra, a navegar na alteração de circunstâncias.","E o que é interessante para mim é que as equipes que geralmente vencem não são as que têm os membros mais experientes, mas as que têm membros abertos para aprender, que estão abertos para desaprender e que estão abertos para ajudar uns aos outros a navegar pelas circunstâncias em constante mudança.",SRC_TM_DATA/data_2024/en-pt_br-2.tmx,14465,Through(5),cc
en_pt_br,"So, as you all know, species lived in particular ecological niches and particular environments, and the pressures of those environments selected which changes, through random mutation in species, were going to be preserved.","Então, como voces todos sabem, as espécies viviam em nichos ecológicos particulares e ambientes específicos, e as pressões desses ambientes selecionavam quais mudanças, através de mutações aleatórias nas espécies, seriam preservadas.","Portanto, como todos sabem, as espécies viviam em nichos ecológicos e ambientes específicos, e as pressões desses ambientes selecionavam quais mudanças, por meio de mutação aleatória nas espécies, seriam preservadas.",SRC_TM_DATA/data_2024/en-pt_br-2.tmx,14642,Through(5),cc
en_pt_br,That DNA is passed down through our mothers.,Esse DNA nos é transmitido por meio de nossas mães.,Esse DNA é transmitido por nossas mães.,SRC_TM_DATA/data_2024/en-pt_br-2.tmx,14721,Through(5),cc
en_pt_br,And we often went into just a dead end and had to recover.,E várias vezes nos encontramos num beco sem saída e precisamos nos recuperar.,E muitas vezes chegamos a um beco sem saída e tivemos que nos recuperar.,SRC_TM_DATA/data_2024/en-pt_br-2.tmx,15061,Into(3),cc
en_pt_br,"The choreographer, Toby Sedgwick, invented a beautiful sequence where the baby horse, which was made out of sticks and bits of twigs, grew up into the big horse.","O coreógrafo, Toby Sedgwick, inventou uma linda sequência onde o potrinho, que era feito de varas e pedaços de galhos cresceu e se tornou o grande cavalo.","O coreógrafo Toby Sedgwick inventou uma bela sequência em que o cavalo bebê, que era feito de gravetos e pedaços de galhos, cresceu e se tornou um cavalo grande.",SRC_TM_DATA/data_2024/en-pt_br-2.tmx,15183,Into(3),cc
en_pt_br,"Against all odds, I achieved my dream, and through this very personal commitment to myself, I slowly realized that completing the Ironman was about more than conquering Kona.","Contra todas as dificuldades, alcancei meu sonho, e embora esse fosse um compromisso pessoal, aos poucos me dei conta de que completar o Ironman era muito mais do que vencer o Kona.","Contra todas as probabilidades, realizei meu sonho e, por meio desse compromisso muito pessoal comigo mesmo, aos poucos percebi que completar o Ironman era mais do que conquistar Kona.",SRC_TM_DATA/data_2024/en-pt_br-2.tmx,15343,Through(5),cc
en_pt_br,"And with ""Sartorial Anarchy,"" I began to invest more into the organization of my pictures.","Com ""Sartorial Anarchy"", comecei a investir mais na organização das minhas fotos.","E com ""Sartorial Anarchy"", comecei a investir mais na organização de minhas fotos.",SRC_TM_DATA/data_2024/en-pt_br-2.tmx,15387,Into(3),cc
en_pt_br,"In fact, most of my career, I've been immersing myself into seemingly horrible situations for the whole goal of trying to examine societal issues in a way that make them engaging, that make them interesting, that hopefully break them down in a way that make them entertaining and accessible to an audience.","De fato, a maior parte de minha carreira, tenho estado imerso em situações aparentemente horríveis com o firme propósito de tentar examinar questões sociais de modo a torná-las empolgantes, torná-las interessantes, esperando quebrá-las de modo a torná-las divertidas e acessíveis a uma platéia.","Na verdade, durante a maior parte da minha carreira, mergulhei em situações aparentemente horríveis com o objetivo de tentar examinar as questões sociais de forma a torná-las envolventes, interessantes e, com sorte, dividi-las de forma a torná-las divertidas e acessíveis ao público.",SRC_TM_DATA/data_2024/en-pt_br-2.tmx,15936,Into(3),cc
en_pt_br,So we can imagine the early universe breaking up into a billion clouds.,"Assim, podemos imaginar o universo primevo separando-se em bilhões de nuvens.","Então, podemos imaginar o universo primitivo se dividindo em um bilhão de nuvens.",SRC_TM_DATA/data_2024/en-pt_br-2.tmx,16501,Into(3),cc
en_pt_br,"DNA accumulates information through random errors, some of which just happen to work.","O DNA acumula informação através de erros aleatórios, alguns dos quais, acabam dando certo.","O DNA acumula informações por meio de erros aleatórios, alguns dos quais simplesmente funcionam.",SRC_TM_DATA/data_2024/en-pt_br-2.tmx,16567,Through(5),cc
en_pt_br,"Suggesting that God expresses Himself or Herself through powerlessness, rather than power.",Sugerindo que Deus expressa-se através da impotência ao invés do poder.,"Sugerir que Deus se expressa por meio da impotência, em vez do poder.",SRC_TM_DATA/data_2024/en-pt_br-2.tmx,16819,Through(5),cc
en_pt_br,"They discovered that adult cells, taken from you and me, could be reprogrammed back into embryonic-like cells, which they termed IPS cells, or induced pluripotent stem cells.","Eles descobriram que células adultas, retiradas de você ou de mim, poderiam ser reprogramadas para voltarem a ser células-tronco embrionárias, as quais eles denominaram células IPS, ou 'células-tronco pluripotentes induzidas'.","Eles descobriram que as células adultas, retiradas de você e de mim, poderiam ser reprogramadas de volta para células semelhantes às embrionárias, o que eles chamaram de células IPS, ou células-tronco pluripotentes induzidas.",SRC_TM_DATA/data_2024/en-pt_br-2.tmx,17471,Into(3),an
en_pt_br,"And they do it secretly through misinformation and ambiguities and irrelevancies, trying to cause everyone to think more deeply.","E ele faz isso em segredo através de informações incorretas e ambiguidades e irrelevâncias, tentando fazer com que todos pensem mais.","E eles fazem isso secretamente por meio de desinformação, ambiguidades e irrelevâncias, tentando fazer com que todos pensem mais profundamente.",SRC_TM_DATA/data_2024/en-pt_br-2.tmx,18009,Through(5),cc
en_pt_br,"Imagine a big explosion as you climb through 3,000 ft.",Imaginem uma grande explosão ao subir a 3 mil pés.,Imagine uma grande explosão ao subir 3.000 pés de altitude.,SRC_TM_DATA/data_2024/en-pt_br-2.tmx,18458,Through(5),cc
en_pt_br,"All of our feelings of security about those diseases come from models given to us, really, by science filtered through the media.",Todas as nossas sensações de segurança a respeito dessas doenças surgem de modelos que certamente nos são dados pela ciência filtrada pela mídia.,"Todos os nossos sentimentos de segurança em relação a essas doenças vêm de modelos que nos foram dados, na verdade, pela ciência filtrada pela mídia.",SRC_TM_DATA/data_2024/en-pt_br-2.tmx,18777,Through(5),cc
en_pt_br,"And what we've found is through genetic engineering, we can actually increase the efficiencies of these solar cells to record numbers for these types of dye-sensitized systems.","E o que nós descobrimos é que, através da engenharia genética, nós podemos realmente aumentar a eficiência destas células fotoelétricas para gravar números para estes tipos de sistemas sensibilizados por corantes.","E o que descobrimos é que, por meio da engenharia genética, podemos realmente aumentar a eficiência dessas células solares para números recordes para esses tipos de sistemas sensibilizados por corantes.",SRC_TM_DATA/data_2024/en-pt_br-2.tmx,19123,Through(5),cc
en_pt_br,"When the wind is blowing, any excess energy coming from the windmill is diverted into the battery.",Quando o vento está soprando qualquer excesso de energia vindo do moinho de vento é direcionado para a bateria.,"Quando o vento está soprando, qualquer excesso de energia proveniente do moinho de vento é desviado para a bateria.",SRC_TM_DATA/data_2024/en-pt_br-2.tmx,19281,Into(1),cc
en_pt_br,"Whenever current flows through the coil, this becomes an electromagnet.",Quando a corrente flui através da bobina ela se converte em um eletroímã.,"Sempre que a corrente flui pela bobina, ela se torna um eletroímã.",SRC_TM_DATA/data_2024/en-pt_br-2.tmx,19430,Through(1),cc
en_pt_br,"Through that and through human rights groups, we were brought together with several other victims' families.","Através disto e através dos grupos de direitos humanos, nós nos juntamos com muitas outras famílias de vítimas.","Por meio disso e de grupos de direitos humanos, nos reunimos com várias outras famílias de vítimas.",SRC_TM_DATA/data_2024/en-pt_br-2.tmx,19527,Through(5),cc
en_pt_br,What is interesting today is that real time control systems are starting to enter into our lives.,O interessante hoje é que sistemas de controle em tempo real estão começando a invadir nossas vidas.,O que é interessante hoje é que os sistemas de controle em tempo real estão começando a entrar em nossas vidas.,SRC_TM_DATA/data_2024/en-pt_br-2.tmx,19711,Into(3),cc
en_pt_br,"This year, unfortunately the lakebed's turned into an absolute cracked dry bed.","Este ano, infelizmente o leito do lago transformou em um leito seco e totalmente rachado.","Este ano, infelizmente, o leito do lago se transformou em um leito seco absolutamente rachado.",SRC_TM_DATA/data_2024/en-pt_br-2.tmx,20269,Into(3),cc
en_pt_br,"So now let's just quickly jump into the MoMA, again in New York.","Então agora vamos rapidamente entrar no MoMA, de novo em Nova York.","Então, agora vamos dar um salto rápido para o MoMA, novamente em Nova York.",SRC_TM_DATA/data_2024/en-pt_br-2.tmx,20703,Into(3),ie
en_pt_br,"And that could be translated into ""mey meen,"" which is the old Dravidian name for the planet Saturn.","E ele poderia ser traduzido como ""mey meen"" que é o antigo nome dravídico para o planeta Saturno.","E isso pode ser traduzido como ""mey meen"", que é o antigo nome dravidiano para o planeta Saturno.",SRC_TM_DATA/data_2024/en-pt_br-2.tmx,25149,Into(3),cc
en_pt_br,What happens when you have your wok cut in half is the oil goes down into the fire and whoosh!,O que acontece quando você corta seu tacho ao meio é que o óleo vai para o fogo e vuff!!,O que acontece quando você corta sua wok ao meio é que o óleo desce para o fogo e pronto!,SRC_TM_DATA/data_2024/en-pt_br-2.tmx,25520,Into(3),wl
en_pt_br,"And the situation is that a car full of paramedics on their way home from the hospital after work have run across the wreckage, and they've advised the police that there were no survivors inside the car, that the driver's dead, that I'm dead.","E a situação é que um carro cheio de paramédicos no seu caminho de volta para o hospital depois do trabalho passaram pelos destroços, e eles avisaram a polícia que não havia sobreviventes dentro do carro, que o motorista estava morto, que eu estava morto.","E a situação é que um carro cheio de paramédicos que voltava do hospital para casa depois do trabalho se deparou com os destroços e avisou à polícia que não havia sobreviventes dentro do carro, que o motorista estava morto e que eu estava morto.",SRC_TM_DATA/data_2024/en-pt_br-2.tmx,25710,Across(5),cc
en_pt_br,"Here's somebody, what they did as they went through cognitive training at ages seven and 11.","Aqui alguém, o que ele fez quando passou pelo treinamento cognitivo nas idades de sete e 11 anos.","Aqui está alguém, o que eles fizeram enquanto passavam pelo treinamento cognitivo aos 7 e 11 anos de idade.",SRC_TM_DATA/data_2024/en-pt_br-2.tmx,25817,Through(5),cc
en_pt_br,"I won't go into the intrascatter that's in the subtests, but they still had a neurologic issue.","Eu não irei para os sub testes, mas eles ainda tinham um problema neurológico.","Não entrarei em detalhes sobre a intrascatter que está nos subtestes, mas eles ainda tinham um problema neurológico.",SRC_TM_DATA/data_2024/en-pt_br-2.tmx,25820,Into(3),un
en_pt_br,"Moonlighting as a stand-up comedian for the past eight years, I understand the importance of cultural competency, which I define as the ability to translate what you want someone else to know or be able to do into communication or experiences that they find relevant and engaging.","Ao fazer bico como comediante nos últimos oito anos, eu entendi a importância da competência cultural, a qual eu defino como a habilidade de traduzir o que você quer que as pessoas saibam ou façam em comunicação ou experiências relevantes e envolventes para elas.","Como comediante de stand-up nos últimos oito anos, entendo a importância da competência cultural, que defino como a capacidade de traduzir o que você quer que outra pessoa saiba ou seja capaz de fazer em comunicação ou experiências que ela considere relevantes e envolventes.",SRC_TM_DATA/data_2024/en-pt_br-2.tmx,25955,Into(3),cc
en_pt_br,"So if we're serious about helping black boys and other children to read when it's not required, we need to incorporate relevant male reading models into early literacy and exchange some of the children's books that adults love so much for funny, silly or even gross books, like ""Gross Greg"".","Então, se estamos falando sério em ajudar as crianças a ler quando não for exigido, precisamos incorporar modelos de leitura relevantes no início da alfabetização e trocar alguns livros infantis que os adultos amam por livros engraçados, bobos ou até nojentos como o ""Gross Greg"".","Portanto, se quisermos realmente ajudar os meninos negros e outras crianças a ler quando isso não for necessário, precisamos incorporar modelos de leitura masculinos relevantes na alfabetização precoce e trocar alguns dos livros infantis que os adultos tanto amam por livros engraçados, bobos ou até mesmo nojentos, como ""Gross Greg"".",SRC_TM_DATA/data_2024/en-pt_br-2.tmx,25983,Into(3),wl
en_pt_br,She came out of the station and into a phone box nearby.,Saiu da estação e entrou numa cabine telefônica próxima.,Ela saiu da estação e entrou em uma cabine telefônica próxima.,SRC_TM_DATA/data_2024/en-pt_br-2.tmx,26050,Into(1),cc
en_pt_br,Because the Internet and connection technologies are connecting them across the world.,Porque a Internet e as tecnologias de conexão estão ligando-os por todo o mundo.,Porque a Internet e as tecnologias de conexão estão conectando-os em todo o mundo.,SRC_TM_DATA/data_2024/en-pt_br-2.tmx,26335,Across(4),cc
en_pt_br,"And you can see at the top of the screen, there's a centipede scrolling across your computer when you get infected by this one.","Vocês podem ver no alto da tela, uma centopéia andando pelo computador quando vocês são infectados por ela.",E você pode ver na parte superior da tela que há uma centopeia rolando pelo seu computador quando você é infectado por ela.,SRC_TM_DATA/data_2024/en-pt_br-2.tmx,26844,Across(2),cc
en_pt_br,"Yes, there's a guy walking across your screen once you get infected.","Sim, aparece um cara caminhando pela tela assim que se é infectado.","Sim, há um cara andando pela sua tela quando você é infectado.",SRC_TM_DATA/data_2024/en-pt_br-2.tmx,26849,Across(2),cc
en_pt_br,And the magic and the horror of that is that the same math that you use to break up the big thing into a million little things can be used to find a million little things and sew them back together and figure out what's actually happening in the market.,"E a mágica e o horror disso é que a mesma matemática que se usa para partir a coisa grande em milhões de coisinhas pode ser usada para encontrar um milhão de coisinhas e as emendar, todas juntas novamente e entender o que realmente está acontecendo no mercado.",E a mágica e o horror disso é que a mesma matemática que você usa para dividir a grande coisa em um milhão de pequenas coisas pode ser usada para encontrar um milhão de pequenas coisas e costurá-las novamente e descobrir o que realmente está acontecendo no mercado.,SRC_TM_DATA/data_2024/en-pt_br-2.tmx,27134,Into(3),cc
en_pt_br,And so Netflix has gone through several different algorithms over the years.,"A Netflix analisou, ao longo dos anos, vários algoritmos diferentes.","Assim, a Netflix passou por vários algoritmos diferentes ao longo dos anos.",SRC_TM_DATA/data_2024/en-pt_br-2.tmx,27161,Through(5),cc
en_pt_br,"In the fourth act, with our hubris, our overconfidence developing, we invaded Iraq and Afghanistan, and in the fifth act, we plunged into a humiliating mess.","No quarto ato, com nossa arrogância e nosso excesso de confiança crescendo, invadimos o Iraque e o Afeganistão. E no quinto ato, nos metemos numa humilhante confusão.","No quarto ato, com nossa arrogância, nosso excesso de confiança se desenvolvendo, invadimos o Iraque e o Afeganistão e, no quinto ato, mergulhamos em uma confusão humilhante.",SRC_TM_DATA/data_2024/en-pt_br-2.tmx,27280,Into(1),ie
en_pt_br,"When I walked across Afghanistan, I stayed with people like this.","Quando atravessei o Afeganistão a pé, fiquei em casas de pessoas como esta.","Quando atravessei o Afeganistão, fiquei com pessoas como essas.",SRC_TM_DATA/data_2024/en-pt_br-2.tmx,27316,Across(2),cc
en_pt_br,"But it's sublinear, and what that translates into is that, if you double the size of the organism, you actually only need 75 percent more energy.","Mas é sublinear, e significa que, se duplicarmos o tamanho do organismo, na verdade só precisaremos de mais 75% de energia.","Mas é sublinear, e isso significa que, se você dobrar o tamanho do organismo, na verdade só precisará de 75% mais energia.",SRC_TM_DATA/data_2024/en-pt_br-2.tmx,27514,Into(3),cc
en_pt_br,"Alright, I want to tell you how I got my superpowers through fatherhood.",Vou contar a vocês como eu adquiri superpoderes com a paternidade.,"Muito bem, quero lhes contar como obtive meus superpoderes por meio da paternidade.",SRC_TM_DATA/data_2024/en-pt_br-2.tmx,27613,Through(5),cc
en_pt_br,"But if you leave children alone, they'll get into just a little bit of mischief.","Mas se deixarmos uma criança sozinha, ela vai aprontar um pouquinho.","Mas se você deixar as crianças sozinhas, elas farão algumas travessuras.",SRC_TM_DATA/data_2024/en-pt_br-2.tmx,27663,Into(3),an
en_pt_br,But then they turn into stomps.,Mas então se tornam em pisões.,Mas depois eles se transformaram em pisões.,SRC_TM_DATA/data_2024/en-pt_br-2.tmx,27720,Into(3),cc
en_pt_br,And the light goes through that hole.,E a luz passa através daquele orifício.,E a luz passa por esse buraco.,SRC_TM_DATA/data_2024/en-pt_br-2.tmx,28457,Through(1),cc
en_pt_br,It arrived like a speeding bird smashing into a windowpane.,Ele chegou como um pássaro em alta velocidade chocando-se contra uma vidraça.,Chegou como um pássaro em alta velocidade batendo em uma vidraça.,SRC_TM_DATA/data_2024/en-pt_br-2.tmx,28791,Into(2),cc
en_pt_br,"When this district attorney of 30 years stepped down, the eyewitnesses from McKinley's case came forward and said that they had been pressured into testifying by the district attorneys, pressure which included the threat of jail time.","Quando este promotor há 30 anos no cargo saiu, as testemunhas oculares do caso McKinley se apresentaram e disseram terem sido pressionadas pelos promotores a testemunhar, pressão que incluiu ameaça de prisão.","Quando esse promotor público de 30 anos deixou o cargo, as testemunhas oculares do caso de McKinley se apresentaram e disseram que haviam sido pressionadas a depor pelos promotores públicos, pressão que incluía a ameaça de prisão.",SRC_TM_DATA/data_2024/en-pt_br-2.tmx,28919,Into(2),cc
en_pt_br,And we're going to continue being clueless going into this very difficult future that we face.,E vamos continuar completamente cegos para enfrentar este futuro muito difícil que enfrentamos.,E vamos continuar sem saber o que fazer nesse futuro muito difícil que temos pela frente.,SRC_TM_DATA/data_2024/en-pt_br-2.tmx,29796,Into(2),cc
en_pt_br,"Through inspired local leadership, they launched a peaceful resistance campaign to stop that from happening.","Através de uma inspirada liderança local, eles lançaram uma campanha de resistência pacífica para impedir que isto acontecesse.","Por meio de uma liderança local inspirada, eles lançaram uma campanha de resistência pacífica para impedir que isso acontecesse.",SRC_TM_DATA/data_2024/en-pt_br-2.tmx,30076,Through(5),cc
en_pt_br,"And if we can translate that into our built environment, then there's some exciting potential for the way that we build things.","E se pudermos traduzi-los em nosso ambiente de construção, teremos um potencial interessante para o modo como nós construímos.","E se pudermos traduzir isso em nosso ambiente construído, então há um potencial interessante para a maneira como construímos as coisas.",SRC_TM_DATA/data_2024/en-pt_br-2.tmx,30147,Into(3),cc
en_pt_br,"And early in the morning, I went into the ward.","E de manhã cedo, entrei na enfermaria.","E, de manhã cedo, fui para a enfermaria.",SRC_TM_DATA/data_2024/en-pt_br-2.tmx,30214,Into(1),sp
en_pt_br,"If we could get evolution into the material world, then I propose we should have a general theory of evolution.","Se pudessemos trazer a evolução para o mundo material, então eu proponho que deveriamos ter uma teoria geral da evolução.","Se pudermos levar a evolução para o mundo material, proponho que tenhamos uma teoria geral da evolução.",SRC_TM_DATA/data_2024/en-pt_br-2.tmx,30564,Into(3),co
en_pt_br,That really involves designing behaviors and personality into products.,Isso realmente envolve projetar comportamentos e personalidade em produtos.,Isso realmente envolve a criação de comportamentos e personalidades nos produtos.,SRC_TM_DATA/data_2024/en-pt_br-2.tmx,30683,Into(3),cc
en_pt_br,"I was drawn by their sense of personal conviction and their life of service, and opted for baptism into the Christian faith as my 10th birthday present.","Fui atraída pela convicção pessoal e pela dedicação dessas pessoas, e escolhi ser batizada na fé cristã como presente de aniversário de dez anos.","Fui atraído por seu senso de convicção pessoal e sua vida de serviço, e optei pelo batismo na fé cristã como meu presente de aniversário de 10 anos.",SRC_TM_DATA/data_2024/en-pt_br-2.tmx,30962,Into(3),cc
en_pt_br,"As an accomplished computer user, what Dimitry did was to transfer the gangster capitalism of his hometown onto the Worldwide Web.","Como um hábil usuário de computadores, o que Dimitri fez foi transferir o capital de gangsters de sua cidade natal para a web no mundo inteiro.","Como um exímio usuário de computador, o que Dimitry fez foi transferir o capitalismo gangster de sua cidade natal para a Web mundial.",SRC_TM_DATA/data_2024/en-pt_br-2.tmx,31140,Onto(3),cc
en_pt_br,"So now what we do is take a genome, we make maybe 50 copies of it, we cut all those copies up into little 50-base reads, and then we sequence them, massively parallel.","O que fazemos agora é pegar um genoma, fazemos talvez 50 cópias dele, cortamos essas cópias em trechos de até 50 bases, e os sequenciamos intensamente em paralelo.","Então, agora, o que fazemos é pegar um genoma, fazer talvez 50 cópias dele, cortar todas essas cópias em pequenas leituras de 50 bases e sequenciá-las, em paralelo em massa.",SRC_TM_DATA/data_2024/en-pt_br-2.tmx,31286,Into(3),cc
en_pt_br,"This person studies all the ""arghs,"" from one through eight A's.","Esta pessoa estudou todos os ""ais"", de 1 até 8 'A's.","Essa pessoa estuda todos os ""arghs"", de um a oito A's.",SRC_TM_DATA/data_2024/en-pt_br-2.tmx,31874,Through(3),un
en_pt_br,"However cancer is constrained by living inside our bodies, and its continued growth, its spreading through our bodies and eating away at our tissues, leads to the death of the cancer patient and also to the death of the cancer itself.","Entretanto o câncer é restringido porque vive dentro de nossos corpos, e seu crescimento contínuo, seu espalhar-se por nossos corpos alimentando-se de nossos tecidos conduz à morte o paciente com câncer e também à morte o próprio câncer.","No entanto, o câncer é limitado por viver dentro de nossos corpos, e seu crescimento contínuo, sua disseminação através de nossos corpos e a devastação de nossos tecidos levam à morte do paciente com câncer e também à morte do próprio câncer.",SRC_TM_DATA/data_2024/en-pt_br-2.tmx,31972,Through(1),po
en_pt_br,"Within a few minutes, she went into cardiac collapse.","Dentro de poucos minutos, ela teve um colapso cardíaco.","Em poucos minutos, ela entrou em colapso cardíaco.",SRC_TM_DATA/data_2024/en-pt_br-2.tmx,32299,Into(3),cc
en_pt_br,I've gotten into some trouble in Silicon Valley for saying that the patient in the bed has almost become an icon for the real patient who's in the computer.,Tive alguns problemas no Vale do Silicio por dizer que o paciente na cama tinha se tornado um ícone porque o paciente real é o que está no computador.,Tive alguns problemas no Vale do Silício por dizer que o paciente na cama quase se tornou um ícone do verdadeiro paciente que está no computador.,SRC_TM_DATA/data_2024/en-pt_br-2.tmx,32372,Into(3),cc
en_pt_br,The iPatient is getting wonderful care all across America.,O iPaciente está tendo um tratamento maravilhoso em toda a América.,O iPatient está recebendo um atendimento maravilhoso em toda a América.,SRC_TM_DATA/data_2024/en-pt_br-2.tmx,32375,Across(4),cc
en_pt_br,"I always begin with the pulse, then I examine the hands, then I look at the nail beds, then I slide my hand up to the epitrochlear node, and I was into my ritual.","Sempre começo com o pulso, então examino as mãos, então olho as unhas, então deslizo a mão pelos nódulos do cotovelo, e eu estava no meu ritual.","Sempre começo com o pulso, depois examino as mãos, depois olho para os leitos das unhas, depois deslizo a mão até o nódulo epitroclear e entro em meu ritual.",SRC_TM_DATA/data_2024/en-pt_br-2.tmx,32419,Into(3),cc
en_pt_br,And the business organizations thought we were onto something in terms of a way of preparing children much better for real-life work today.,E as organizações empresariais acharam que tínhamos algo interessante em termos de um preparo muito melhor das crianças para trabalhos da vida real dos dias de hoje.,E as organizações empresariais achavam que estávamos no caminho certo em termos de uma maneira de preparar as crianças muito melhor para o trabalho na vida real hoje em dia.,SRC_TM_DATA/data_2024/en-pt_br-2.tmx,32495,Onto(3),cc
en_pt_br,"And I was thinking, how many terrorists could I possibly play before turning into one myself?","E eu pensava, quantos papéis de terrorista devo fazer antes de me tornar um?",E eu estava pensando: quantos terroristas eu poderia interpretar antes de me transformar em um?,SRC_TM_DATA/data_2024/en-pt_br-2.tmx,32536,Into(3),an
en_pt_br,"It was graded one through four, number two being the ideal hardness for general use.","Foram classificados de um a quatro, o número dois sendo o de uso ideal para tarefas gerais.","Ele foi classificado de um a quatro, sendo o número dois a dureza ideal para uso geral.",SRC_TM_DATA/data_2024/en-pt_br-2.tmx,32832,Through(5),wl
en_pt_br,"It was decorative when it first started, just something pretty sewn onto your clothes.","Era uma peça decorativa quando apareceu, apenas um item bonito costurado nas suas roupas.","No início, era decorativo, apenas algo bonito costurado em suas roupas.",SRC_TM_DATA/data_2024/en-pt_br-2.tmx,32923,Onto(2),cc
en_pt_br,"So through some of the hottest topics on microblogging, we can see what young people care most about.","Então através dos tópicos mais comentados nos microblogs, podemos ver com o que se preocupam os jovens.","Assim, por meio de alguns dos tópicos mais quentes do microblogging, podemos ver com o que os jovens mais se importam.",SRC_TM_DATA/data_2024/en-pt_br-2.tmx,33253,Through(5),co
en_pt_br,And the first picture showed us that a truck caging 500 homeless and kidnapped dogs for food processing was spotted and stopped on the highway with the whole country watching through microblogging.,"E a primeira foto nos mostra que esse caminhão carregando 500 cães, abandonados e sequestrados, para processamento alimentar foi flagrado e parado na rodovia com todo o país observando via microblog.",E a primeira foto nos mostrou que um caminhão que enjaulava 500 cães sem-teto e sequestrados para processamento de alimentos foi visto e parado na rodovia com o país inteiro assistindo por meio de microblogs.,SRC_TM_DATA/data_2024/en-pt_br-2.tmx,33278,Through(5),cc
en_pt_br,I believe that human beings have the power to turn situations of poverty into those of wealth and prosperity.,Acredito que os seres humanos têm o poder de transformar situações de pobreza em riqueza e prosperidade.,Acredito que os seres humanos têm o poder de transformar situações de pobreza em situações de riqueza e prosperidade.,SRC_TM_DATA/data_2024/en-pt_br-2.tmx,33496,Into(3),cc
en_pt_br,"They toiled with rolled-up sleeves, with their hands deep in debt, they plowed ahead, growing their dreams into reality.","Eles labutaram de mangas arregaçadas, afundados em dívidas, eles seguiram em frente, tornando seus sonhos realidade.","Eles trabalharam com as mangas arregaçadas, com as mãos cheias de dívidas, e seguiram em frente, transformando seus sonhos em realidade.",SRC_TM_DATA/data_2024/en-pt_br-2.tmx,33512,Into(3),an
en_pt_br,"So when you go home and you walk through your front door, take a second and ask yourselves, ""Could I do with a little life editing?","Então quando forem para casa e cruzarem a porta da frente, parem um tempo e se perguntem: ""Será que eu poderia editar um pouco a minha vida?","Portanto, quando chegarem em casa e entrarem pela porta da frente, parem um segundo e perguntem a si mesmos: ""Será que eu poderia editar um pouco a vida?",SRC_TM_DATA/data_2024/en-pt_br-2.tmx,33604,Through(3),cc
en_pt_br,"This goes into the more sophisticated part of our process, and the really hard work, multi-step separation process begins.","Isso vai para a parte mais sofisticada de nosso processo, e a parte realmente difícil, o processo de separação em etapas, começa.","Isso entra na parte mais sofisticada do nosso processo e começa o trabalho realmente árduo, o processo de separação em várias etapas.",SRC_TM_DATA/data_2024/en-pt_br-2.tmx,33823,Into(3),cc
en_pt_br,They would literally walk across the street.,"Literalmente atravessavam a rua, para outra calçada.",Eles literalmente atravessavam a rua.,SRC_TM_DATA/data_2024/en-pt_br-2.tmx,33983,Across(2),cc
en_pt_br,"But you can see here, the bottles that were supposedly being thrown at police were turned into bricks by the time they reached this edition of the newspaper.","Mas vocês podem ver aqui, as garrafas que supostamente foram jogadas contra a polícia se transformaram em tijolos no momento em que chegaram a essa edição do jornal.","Mas, como se pode ver aqui, as garrafas que supostamente estavam sendo atiradas contra a polícia foram transformadas em tijolos quando chegaram a esta edição do jornal.",SRC_TM_DATA/data_2024/en-pt_br-2.tmx,34309,Into(3),cc
en_pt_br,"He'd gone onto his laptop, he typed in the flight number.",Ele foi até seu computador e digitou o número do voo.,Ele foi para o laptop e digitou o número do voo.,SRC_TM_DATA/data_2024/en-pt_br-2.tmx,34408,Onto(3),po
en_pt_br,"But citizen journalism and this technology has inserted a new layer of accountability into our world, and I think that's a good thing.",Mas o jornalismo cidadão e essa tecnologia têm inserido uma nova camada de responsabilidade em nosso mundo. Acho que isso é bom.,"Mas o jornalismo cidadão e essa tecnologia inseriram uma nova camada de responsabilidade em nosso mundo, e acho que isso é bom.",SRC_TM_DATA/data_2024/en-pt_br-2.tmx,34453,Into(3),cc
en_pt_br,"I mean, why not utilize this technology, which massively broadens the boundaries of what's possible, accept that many of the things that happen in our world now go recorded, and we can obtain that information through social media?","Quero dizer, por que não utilizar essa tecnologia, que amplia massivamente os limites do que é possível, aceita que muito do que acontece em nosso mundo agora seja gravado, e podemos obter essas informações por meio da rede social?","Quero dizer, por que não utilizar essa tecnologia, que amplia enormemente os limites do que é possível, aceitar que muitas das coisas que acontecem em nosso mundo agora são registradas e que podemos obter essas informações por meio da mídia social?",SRC_TM_DATA/data_2024/en-pt_br-2.tmx,34455,Through(5),cc
en_pt_br,This is just the bit that protrudes into our physical dimension.,Isto é só a porção que sobressai em nossa dimensão física.,Esta é apenas a parte que se projeta em nossa dimensão física.,SRC_TM_DATA/data_2024/en-pt_br-2.tmx,34594,Into(3),cc
en_pt_br,I'm getting terribly excited as my mind and my eyes flick across these things.,Estou ficando incrivelmente entusiasmado enquanto minha mente e meus olhos passam por coisas assim.,Estou ficando muito empolgado enquanto minha mente e meus olhos passam por essas coisas.,SRC_TM_DATA/data_2024/en-pt_br-2.tmx,34604,Into(2),cc
en_pt_br,There are going to be times when someone makes one expression while masking another that just kind of leaks through in a flash.,em que alguém faz uma expressão enquanto esconde outra que vaza por um instante.,Haverá momentos em que alguém fará uma expressão enquanto mascara outra que simplesmente vaza em um piscar de olhos.,SRC_TM_DATA/data_2024/en-pt_br-2.tmx,35094,Through(5),cc
en_pt_br,"If you're cremated, all those toxins I mentioned are released into the atmosphere.","Se você é cremado, todas aquelas toxinas que mencionei são liberadas na atmosfera.","Se você for cremado, todas as toxinas que mencionei são liberadas na atmosfera.",SRC_TM_DATA/data_2024/en-pt_br-2.tmx,35175,Into(1),cc
en_pt_br,"Once it's completed, I plan to integrate the Infinity Mushrooms into a number of objects.","Assim que estiver pronto, planejo integrar o Cogumelo Infinito em um certo número de objetos.","Quando estiver concluído, planejo integrar os Infinity Mushrooms em vários objetos.",SRC_TM_DATA/data_2024/en-pt_br-2.tmx,35202,Into(3),cc
en_pt_br,"But in a world where energy is freed and transmittable easily and cheaply, we can take any water wherever we are and turn it into whatever we need.","Mas em um mundo onde a energia é liberada e transmissível fácil e barata, nós podemos obter água onde quer que estejamos e transformá-la no que quer que precisemos.","Mas em um mundo em que a energia é liberada e transmissível de forma fácil e barata, podemos pegar qualquer água onde quer que estejamos e transformá-la no que precisarmos.",SRC_TM_DATA/data_2024/en-pt_br-2.tmx,35506,Into(3),cc
en_pt_br,And I have a hunch that bringing art into an AI research process is a way to do just that.,E tenho a impressão que trazer a arte para o processo de pesquisa em IA é a forma de fazer isso.,E eu tenho um palpite de que trazer a arte para um processo de pesquisa de IA é uma maneira de fazer exatamente isso.,SRC_TM_DATA/data_2024/en-pt_br-2.tmx,35634,Into(3),co
en_pt_br,"Because sounds from the outside world have to travel through the mother's abdominal tissue and through the amniotic fluid that surrounds the fetus, the voices fetuses hear, starting around the fourth month of gestation, are muted and muffled.","Pelo fato de os sons do mundo exterior entrarem pelo tecido abdominal da mãe e pelo líquido amniótico que envolve o feto, as vozes que os fetos ouvem, começando pelo quarto mês de gestação, são bastante abafadas.","Como os sons do mundo exterior precisam atravessar o tecido abdominal da mãe e o líquido amniótico que envolve o feto, as vozes que os fetos ouvem, a partir do quarto mês de gestação, são silenciosas e abafadas.",SRC_TM_DATA/data_2024/en-pt_br-2.tmx,41047,Through(3),cc
en_pt_br,Run it through the separator and you're ready to use it.,Passe-o pelo separador e está pronto para uso.,Passe-os pelo separador e você estará pronto para usá-los.,SRC_TM_DATA/data_2024/en-pt_br-2.tmx,57593,Through(5),cc
en_pt_br,"And as we have watched women conquer breast cancer through the breast cancer campaign, this is what we need to do now with heart.",E na medida em que assistimos as mulheres combatendo o câncer de mama através das campanhas de combate ao câncer de mama isto é o que precisamos fazer agora em relação ao coração,"E como vimos as mulheres vencerem o câncer de mama por meio da campanha contra o câncer de mama, é isso que precisamos fazer agora com o coração.",SRC_TM_DATA/data_2024/en-pt_br-2.tmx,57749,Into(3),cc
en_pt_br,"It's this combination of liquid metal, molten salt and high temperature that allows us to send high current through this thing.","É está combinação de metal líquido, sal derretido e alta temperatura que nos permite mandar alta corrente por esta coisa.","É essa combinação de metal líquido, sal fundido e alta temperatura que nos permite enviar alta corrente através dessa coisa.",SRC_TM_DATA/data_2024/en-pt_br-2.tmx,58656,Through(1),cc
en_pt_br,"Because I think, as well as the awe of looking at that, I'm sure some people here are thinking, technology catches up so quick, how long is it before some crazed geek with a little remote control flies one through a window of the White House?","(Risadas) Porque acho, assim como nos maravilhamos olhando para isso, tenho certeza de que algumas pessoas aqui estão pensando, tecnologia se aprende tão rápido, quanto tempo demora até que um 'geek' amalucado com um pequeno controle remoto faça um voar pela janela da Casa Branca?","Porque eu acho que, além da admiração de ver isso, tenho certeza de que algumas pessoas aqui estão pensando: a tecnologia se atualiza tão rapidamente, quanto tempo levará até que algum nerd maluco com um pequeno controle remoto jogue um avião pela janela da Casa Branca?",SRC_TM_DATA/data_2024/en-pt_br-2.tmx,58917,Through(3),cc
en_pt_br,"Two months later, both of those villages fell into another war.","Dois meses depois, essas duas vilas entraram novamente em guerra.","Dois meses depois, esses dois vilarejos caíram em outra guerra.",SRC_TM_DATA/data_2024/en-pt_br-2.tmx,58964,Into(3),ie
en_pt_br,"LEGO has essentially taken the concrete block, the building block of the world, and made it into the building block of our imagination.","LEGO, basicamente, pegou o bloco de concreto, o bloco construtor do mundo, e transformou-o no bloco construtor de nossa imaginação.","A LEGO basicamente pegou o bloco de concreto, o bloco de construção do mundo, e o transformou no bloco de construção de nossa imaginação.",SRC_TM_DATA/data_2024/en-pt_br-2.tmx,59080,Into(3),cc
en_pt_br,"We all know it was an amazing movie, and it was so interesting to see it go out into the culture and become this phenomenon and to see all the different permutations of it.","Todos sabem que foi um filme fantástico. e foi muito interessante vê-lo, entrar na cultura e se tornar esse fenômeno e ver todas as diferentes alterações dele.","Todos nós sabemos que foi um filme incrível, e foi muito interessante vê-lo entrar na cultura e se tornar esse fenômeno e ver todas as diferentes permutações dele.",SRC_TM_DATA/data_2024/en-pt_br-2.tmx,59844,Into(3),cc
en_pt_br,"And with every click of the mouse and every touch of the screen, we are like Hansel and Gretel leaving breadcrumbs of our personal information everywhere we travel through the digital woods.","E a cada clique do mouse e a cada toque da tela, nós somos como João e Maria deixando pedacinhos de pão da nossa informação pessoal em todos os lugares que viajamos pela floresta digital.","E a cada clique do mouse e a cada toque na tela, somos como Hansel e Gretel deixando migalhas de pão com nossas informações pessoais em todos os lugares por onde passamos na floresta digital.",SRC_TM_DATA/data_2024/en-pt_br-2.tmx,62918,Through(2),un
en_pt_br,"If you actually look at a great business, you'll nearly always see all of these three things coming into play.","Se realmente está procurando um grande negócio, você verá quase sempre esses três aspectos em jogo.","Se você realmente observar um grande negócio, quase sempre verá essas três coisas em ação.",SRC_TM_DATA/data_2024/en-pt_br-2.tmx,63056,Into(3),un
en_pt_br,You can sift through this data and see what people have submitted.,Você pode analisar esses dados e averiguar o que as pessoas responderam.,Você pode examinar esses dados e ver o que as pessoas enviaram.,SRC_TM_DATA/data_2024/en-pt_br-2.tmx,63297,Through(5),cc
en_pt_br,"I was visiting a cousin of mine in an old age home, and I spied a very shaky old man making his way across the room on a walker.","Visitava um primo meu em um retiro para idosos, e espiei um velho bem trêmulo atravessando a sala em um andador.",Eu estava visitando um primo meu em um asilo para idosos e vi um idoso muito trêmulo atravessando a sala em um andador.,SRC_TM_DATA/data_2024/en-pt_br-2.tmx,63498,Across(2),cc
en_pt_br,A few years back a group of researchers at University College London brought a bunch of memory champions into the lab.,"Alguns anos atrás, um grupo de pesquisadores da University College, em Londres, trouxeram para o laboratório vários campeões da memória.","Há alguns anos, um grupo de pesquisadores da University College London levou um monte de campeões de memória para o laboratório.",SRC_TM_DATA/data_2024/en-pt_br-2.tmx,63731,Into(1),co
en_pt_br,And so this is the dilemma we've gotten ourselves into.,Esse é o dilema em que nós nos metemos.,"Portanto, esse é o dilema em que nos metemos.",SRC_TM_DATA/data_2024/en-pt_br-2.tmx,63902,Into(3),cc
en_pt_br,It gets up into the sky and contributes to the disasters that we're now experiencing.,Sobe então para o céu e contribui para os desastres que estamos observando hoje.,Isso vai para o céu e contribui para os desastres que estamos vivenciando agora.,SRC_TM_DATA/data_2024/en-pt_br-2.tmx,64815,Into(1),sp
en_pt_br,So he'd take people to this two-way mirror looking into the room where the snake was.,"Então ele levaria as pessoas para o espelho de dois lados examinando a sala onde a cobra estava,","Então, ele levava as pessoas a esse espelho de duas vias que dava para a sala onde a cobra estava.",SRC_TM_DATA/data_2024/en-pt_br-2.tmx,64883,Into(3),cc
en_pt_br,These people who went through the process and touched the snake ended up having less anxiety about other things in their lives.,"essas pessoas que passavam pelo processo e tocavam na cobra acabavam por ter menos ansiedade sobre outras coisas em suas vidas. Elas tentaram muito, perseveraram,",Essas pessoas que passaram pelo processo e tocaram a cobra acabaram ficando menos ansiosas em relação a outras coisas em suas vidas.,SRC_TM_DATA/data_2024/en-pt_br-2.tmx,64895,Through(5),cc
en_pt_br,"And they come in and they go through the process, our process, they build confidence and now they think of themselves differently.","Elas vêm e vão ao longo do processo, nosso processo, constróem confiança e agora pensam sobre elas mesmas de maneira diferente.","E elas chegam e passam pelo processo, nosso processo, adquirem confiança e agora pensam em si mesmas de forma diferente.",SRC_TM_DATA/data_2024/en-pt_br-2.tmx,64902,Through(5),cc
en_pt_br,And we're going to go all across the country.,E prosseguiremos em todo o país.,E nós vamos percorrer todo o país.,SRC_TM_DATA/data_2024/en-pt_br-2.tmx,65005,Across(4),cc
en_pt_br,"In America, we can fall further into the darkness of discord, or not.","Nos EUA, podemos mergulhar ainda mais na escuridão da discórdia, ou não.","Nos Estados Unidos, podemos cair ainda mais na escuridão da discórdia ou não.",SRC_TM_DATA/data_2024/en-pt_br-2.tmx,65054,Into(3),ie
en_pt_br,And I am here to tell you that the women of GirlTrek are walking through the streets with a light that cannot be extinguished.,Estou aqui para dizer que as mulheres da GirlTrek estão caminhando pelas ruas com uma luz que não pode ser extinta.,E estou aqui para lhes dizer que as mulheres da GirlTrek estão andando pelas ruas com uma luz que não pode ser apagada.,SRC_TM_DATA/data_2024/en-pt_br-2.tmx,65055,Through(2),cc
en_pt_br,"They cram them onto cots, put all your personal belongings in a plastic garbage bag, stick it underneath, and put you on the floor of an entire sports arena, or a gymnasium.","Amontoam essas pessoas em cama de campanha, colocam todos os seus pertencem pessoais em um saco de lixo, enfiam esse saco debaixo da cama e colocam você chão de uma arena esportiva, ou um ginásio.","Eles os amontoam em berços, colocam todos os seus pertences pessoais em um saco plástico de lixo, enfiam-no embaixo e o colocam no chão de uma arena esportiva inteira ou de um ginásio.",SRC_TM_DATA/data_2024/en-pt_br-2.tmx,65382,Onto(1),wl
en_pt_br,"I'd like to take you on a journey into the sea, looking at it from the perspective of its smallest inhabitants: the microbes.","Eu gostaria de levá-los em uma jornada pelo mar, olhando pela perspectiva de seus menores habitantes: os micróbios.","Gostaria de levá-los a uma viagem ao mar, observando-o sob a perspectiva de seus menores habitantes: os micróbios.",SRC_TM_DATA/data_2024/en-pt_br-2.tmx,65421,Into(1),cc
en_pt_br,"All of the red circles are the symbiotic algae that live inside the coral tissue, turning sunlight and into sugars they both can use, and all of the little blue dots are the protective bacteria.","Todos os círculos vermelhos são as algas simbióticas que vivem dentro do tecido do coral, transformando a luz do sol em açúcares que os dois podem usar, e todos esses pontinhos azuis são as bactérias protetoras.","Todos os círculos vermelhos são as algas simbióticas que vivem dentro do tecido do coral, transformando a luz solar em açúcares que ambos podem usar, e todos os pequenos pontos azuis são as bactérias protetoras.",SRC_TM_DATA/data_2024/en-pt_br-2.tmx,65471,Into(3),cc
en_pt_br,Decisively my other foot sets itself onto the cable.,"Decidido, meu outro pé se coloca sobre o cabo.","Decisivamente, meu outro pé se fixa no cabo.",SRC_TM_DATA/data_2024/en-pt_br-2.tmx,65807,Onto(1),cc
en_pt_br,And so that's just programmed into you.,Então isso é simplesmente programado em você.,"Portanto, isso está programado em você.",SRC_TM_DATA/data_2024/en-pt_br-2.tmx,65929,Into(3),cc
en_pt_br,So we started thinking: what if the robot could leave the garden and go out into some other interesting environment?,Aí começamos a pensar: e se o robô pudesse deixar o jardim e ir para outros ambientes interessantes?,Então começamos a pensar: e se o robô pudesse sair do jardim e ir para algum outro ambiente interessante?,SRC_TM_DATA/data_2024/en-pt_br-2.tmx,66101,Into(1),cc
en_pt_br,"We actually play through many generations here, at the cellular scale.","Agora, jogamos por várias gerações aqui, na escala celular.","Na verdade, jogamos com muitas gerações aqui, em escala celular.",SRC_TM_DATA/data_2024/en-pt_br-2.tmx,66221,Through(5),ws
en_pt_br,"It's born, and I play the next generation of my creature through evolution.",e eu jogo com a nova geração da minha criatura através da evolução.,"Ele nasce, e eu interpreto a próxima geração da minha criatura por meio da evolução.",SRC_TM_DATA/data_2024/en-pt_br-2.tmx,66270,Through(5),cc
en_pt_br,"I don't remember everything, but I do remember I went into crisis mode, mother mode.","Não me lembro de tudo, mas me lembro de ter entrado em modo de crise, em modo de mãe.","Não me lembro de tudo, mas lembro que entrei em modo de crise, modo mãe.",SRC_TM_DATA/data_2024/en-pt_br-2.tmx,66554,Into(3),cc
en_pt_br,"CA: And currently, a big focus of the company is, I guess, kind of a race with Boeing to be the first to provide the service to NASA of actually putting humans into orbit.","CA: Atualmente, um grande foco da empresa é uma espécie de competição com a Boeing para ser a primeira a prestar o serviço para a NASA de colocar realmente os seres humanos em órbita.","CA: E, atualmente, um grande foco da empresa é, eu acho, uma espécie de corrida com a Boeing para ser a primeira a fornecer o serviço para a NASA de realmente colocar humanos em órbita.",SRC_TM_DATA/data_2024/en-pt_br-2.tmx,67013,Into(3),cc
en_pt_br,"It's basically a pusher, so the propellant system and the thrusters are integrated into the capsule, and so if it detects a rocket problem, it pushes the capsule away.","É basicamente um propulsor. O sistema de propulsão e os propulsores estão integrados à cápsula, e, ao detectar um problema no foguete, ele empurra a cápsula para fora.","É basicamente um empurrador, de modo que o sistema de propulsão e os propulsores são integrados à cápsula e, portanto, se detectar um problema com o foguete, ele empurra a cápsula para longe.",SRC_TM_DATA/data_2024/en-pt_br-2.tmx,67032,Into(3),cc
en_pt_br,"That turns out to be a big deal because now you can take, not just mouse cells, but you can human skin cells and turn them into human stem cells.","Isso passa a ser uma grande coisa porque agora podemos pegar, não apenas células de rato, mas células da pele humana e transformá-las em células-tronco humanas.","Isso acaba sendo muito importante porque agora é possível pegar não apenas células de camundongo, mas também células da pele humana e transformá-las em células-tronco humanas.",SRC_TM_DATA/data_2024/en-pt_br-2.tmx,67822,Into(3),cc
en_pt_br,And this is detrimental to the local ecology of the sea area that it's pumped back out into.,E isso é prejudicial à ecologia local da área do mar para onde ela é bombeada.,E isso é prejudicial para a ecologia local da área marítima para a qual é bombeado de volta.,SRC_TM_DATA/data_2024/en-pt_br-2.tmx,68076,Into(3),po
en_pt_br,"It's very much like they brought into this world the reflex that orients them to people, but it has no traction.","É como se eles tivessem vindo ao mundo com o reflexo ocular que os orientam para as pessoas, mas sem nenhuma tração.","É como se eles tivessem trazido para este mundo o reflexo que os orienta para as pessoas, mas ele não tem tração.",SRC_TM_DATA/data_2024/en-pt_br-2.tmx,68258,Into(3),cc
en_pt_br,"Showed up the first day ready to make coffee and photocopies, but was paired with this righteous, deeply inspired attorney named Jeff Purcell, who thrust me onto the front lines from the very first day.","Apresentei-me no primeiro dia, pronta para fazer café e tirar fotocópias, mas fui alocada junto a este advogado justo, profundamente inspirado, chamado Jeff Purcell, que me lançou na linha de frente desde o primeiro dia.","Cheguei no primeiro dia pronto para fazer café e fotocópias, mas fui acompanhado por um advogado íntegro e profundamente inspirado chamado Jeff Purcell, que me colocou na linha de frente desde o primeiro dia.",SRC_TM_DATA/data_2024/en-pt_br-2.tmx,68594,Onto(3),wl
en_pt_br,"And then he reaches into his pocket, and he brings this out to me.",Então ele procura no bolso e me mostra isto.,E então ele tira a mão do bolso e traz isso para mim.,SRC_TM_DATA/data_2024/en-pt_br-2.tmx,68913,Into(1),co
en_pt_br,There was no opponent directly across from you.,Não havia um oponente diretamente contra você.,Não havia um oponente diretamente à sua frente.,SRC_TM_DATA/data_2024/en-pt_br-2.tmx,69000,Across(3),cc
en_pt_br,"And no, I don't know how it works into the whole puzzling scheme of things, but obviously I know a coded message when I see one.","E não, eu não sei como funciona no grande e estarrecedor esquema das coisas, mas obviamente, eu reconheço uma mensagem codificada quando eu vejo uma.","E não, eu não sei como isso funciona em todo o esquema intrigante das coisas, mas obviamente eu reconheço uma mensagem codificada quando vejo uma.",SRC_TM_DATA/data_2024/en-pt_br-2.tmx,69221,Into(3),cc
en_pt_br,"What the global delivery model allows is, it allows you to take previously geographically core-located tasks, break them up into parts, send them around the world where the expertise and the cost structure exists, and then specify the means for reintegrating them.","O modelo de entrega global permite que você pegue tarefas geograficamente localizadas, separe-as em partes, mande estas partes para lugares do mundo nos quais existam experiência e estrutura de custos, e então especifique os meios para reintegrá-las.","O que o modelo de entrega global permite é que você pegue tarefas anteriormente localizadas geograficamente no centro, divida-as em partes, envie-as para o mundo todo, onde existe o conhecimento especializado e a estrutura de custos, e depois especifique os meios para reintegrá-las.",SRC_TM_DATA/data_2024/en-pt_br-2.tmx,69937,Into(3),cc
en_pt_br,"Now in the old days, that meant getting out a volume and browsing through it alphabetically, maybe getting sidetracked, that was fun.","Nos velhos tempos, isso significava pegar um livro e ir pesquisando em ordem alfabética, talvez se distraindo, isso era legal.","Antigamente, isso significava pegar um volume e navegar por ele em ordem alfabética, talvez se desviando do caminho, o que era divertido.",SRC_TM_DATA/data_2024/en-pt_br-2.tmx,70055,Through(5),an
en_pt_br,"In between those two landmarks in Ham's life, he flew into space.","Entre esses dois marcos da vida de Ham, ele foi ao espaço.","Entre esses dois marcos na vida de Ham, ele voou para o espaço.",SRC_TM_DATA/data_2024/en-pt_br-2.tmx,70115,Into(1),sp
en_pt_br,"So you put a message into this device and then you roll it on the wall, and it basically has all these solenoids pressing the buttons on spray cans, so you just pull it over a wall and it just writes on the wall all the political messages.","Então você põe uma mensagem nesse parede e ele basicamente tem todas essas solenóides que apertam os butões das latas de spray, então você o puxa pela parede e ele apenas escreve as mensagens políticas na parede.","Então, você coloca uma mensagem nesse dispositivo e o coloca na parede, e ele basicamente tem todos esses solenoides que pressionam os botões das latas de spray, então é só encostá-lo na parede e ele escreve na parede todas as mensagens políticas.",SRC_TM_DATA/data_2024/en-pt_br-2.tmx,70198,Into(3),cc
en_pt_br,"He gives them more money for geological data, they come back, they can't tell him where to go into production.","Ele dá a eles mais dinheiro para dados geológico, eles voltam, eles não conseguem dizer a ele onde a produção deveria acontecer.","Ele lhes dá mais dinheiro para obter dados geológicos, eles voltam e não podem lhe dizer onde entrar em produção.",SRC_TM_DATA/data_2024/en-pt_br-2.tmx,70283,Into(3),cc
en_pt_br,"That night, I was taken into the emergency room and diagnosed as a type 1 diabetic in full-blown ketoacidosis.","Naquela noite, eu fui levado ao pronto atendimento e diagnosticado com diabetes tipo 1 em completa cetoacidose (acidose no sangue).","Naquela noite, fui levado ao pronto-socorro e diagnosticado como diabético tipo 1 em plena cetoacidose.",SRC_TM_DATA/data_2024/en-pt_br-2.tmx,71183,Into(1),cc
en_pt_br,"We decided to instrument not only the car, but also the race car driver, to try to get a glimpse into what was going on in their head as they were doing this.","Decidimos instrumentalizar não apenas o carro, mas também o motorista, para tentar um vislumbre sobre o que estava acontecendo em suas mentes enquanto eles estavam fazendo isso.","Decidimos instrumentar não apenas o carro, mas também o piloto de corrida, para tentar ter uma ideia do que se passava na cabeça deles enquanto faziam isso.",SRC_TM_DATA/data_2024/en-pt_br-2.tmx,71378,Into(3),cc
en_pt_br,And here's some music translated into color.,E aqui estão algumas músicas traduzidas em cores.,E aqui está uma música traduzida em cores.,SRC_TM_DATA/data_2024/en-pt_br-2.tmx,72036,Into(3),an
en_pt_br,"This is a ship, a liner, clipping through the Indian Ocean.","Este é um navio, um transatlântico, singrando pelo Oceano Índico.","Este é um navio, um transatlântico, atravessando o Oceano Índico.",SRC_TM_DATA/data_2024/en-pt_br-2.tmx,72076,Through(2),cc
en_pt_br,"And through campus-level proceedings, Title IX goes so far as to give victims equitable rights during the campus process, which means that victims can represent their own interests during proceedings, rather than relying on educational institutions to do so.","E em processos no campus, o Título IX chega ao ponto de dar às vítimas direitos iguais durante o processo no campus, o que significa que vítimas podem representar seus próprios interesses, em vez de terem que contar com as instituições educacionais para tal.","E, por meio de procedimentos em nível de campus, o Título IX chega a dar às vítimas direitos equitativos durante o processo no campus, o que significa que as vítimas podem representar seus próprios interesses durante os procedimentos, em vez de depender das instituições educacionais para fazê-lo.",SRC_TM_DATA/data_2024/en-pt_br-2.tmx,72326,Through(3),cc
en_pt_br,"And we systematically field tested, because in the field testing we learned some important lessons, and we went through many iterations.","E nós fizemos testes de campo sistemáticos porque no teste de campo nós aprendemos algumas lições importantes, e nós repetimos eles muitas vezes.","E fizemos testes de campo sistematicamente, porque nos testes de campo aprendemos algumas lições importantes e passamos por muitas iterações.",SRC_TM_DATA/data_2024/en-pt_br-2.tmx,72472,Through(3),cc
en_pt_br,So what we did was that we converted this device into a medical device.,"Então, o que fizemos foi converter este dispositivo num dispositivo médico.","Então, o que fizemos foi converter esse dispositivo em um dispositivo médico.",SRC_TM_DATA/data_2024/en-pt_br-2.tmx,72495,Into(3),cc
en_pt_br,"Through this very simple process, we can create an astounding variety of forms.","Através desse processo tão simples, conseguimos criar uma espantosa variedade de formas.","Por meio desse processo muito simples, podemos criar uma variedade surpreendente de formas.",SRC_TM_DATA/data_2024/en-pt_br-2.tmx,72725,Through(5),cc
en_pt_br,"And while they were trying to break down the door, I climbed in through the window, and jumped in.","E enquanto tentavam derrubar a porta, eu escalei pela janela e pulei para dentro.","E, enquanto eles tentavam arrombar a porta, eu entrei pela janela e pulei.",SRC_TM_DATA/data_2024/en-pt_br-2.tmx,72913,Through(1),cc
en_pt_br,"First of all, I thought, I've got to get her into the house.","Primeiro de tudo, eu pensei, Preciso tê-la dentro de casa.","Em primeiro lugar, pensei: ""Tenho que levá-la para dentro de casa"".",SRC_TM_DATA/data_2024/en-pt_br-2.tmx,73154,Into(1),cc
en_pt_br,"Now, Ron Howard ran into Buzz Aldrin, who was not on the movie, so he had no idea that we were faking any of this footage, and he just responded as he would respond, and I'll run this.","Agora, Ron Howard vai até Buzz Aldrin, que não está no filme, dai ele não tem ideia que nós estamos forjando todas os trechos, ele só reagiu da forma como deveria reagir, e eu apresentarei isto.","Agora, Ron Howard encontrou Buzz Aldrin, que não estava no filme, portanto, ele não tinha ideia de que estávamos falsificando qualquer uma dessas filmagens, e ele apenas respondeu como responderia, e eu vou fazer isso.",SRC_TM_DATA/data_2024/en-pt_br-2.tmx,73696,Into(3),cc
en_pt_br,"So this is a case of actually adapting something, or maybe stealing something, and then turning it into a musical notation.","Então esse é um caso de adaptar alguma coisa ou talvez de roubar alguma coisa, e transformá-la em uma notação musical.","Portanto, esse é um caso de adaptação de algo, ou talvez de roubo de algo, e depois de transformá-lo em uma notação musical.",SRC_TM_DATA/data_2024/en-pt_br-2.tmx,73787,Into(3),cc
en_pt_br,"So what they're doing, let's see, something like that, so what they're doing is grasping aspects of that movement and they're generating it into a phrase.","Então o que eles estão fazendo, vamos ver, algo assim, então o que eles estão fazendo é absorver os aspectos daquele movimento e o transformando numa frase.","Então, o que eles estão fazendo, vejamos, algo assim, então o que eles estão fazendo é captar aspectos desse movimento e gerá-lo em uma frase.",SRC_TM_DATA/data_2024/en-pt_br-2.tmx,73876,Into(3),wl
en_pt_br,You can always fool yourself into seeing a decline if you compare bleeding headlines of the present with rose-tinted images of the past.,Você sempre pode enganar a si mesmo e ver um declínio se comparar as manchetes sangrentas dos dias atuais com as lembranças cor-de-rosa do passado.,Você sempre pode se enganar e ver um declínio se comparar as manchetes sangrentas do presente com as imagens cor-de-rosa do passado.,SRC_TM_DATA/data_2024/en-pt_br-2.tmx,73959,Into(3),cc
en_pt_br,"And I hope in some small way, the stories I've been able to tell you will help you get through things.","E espero que de alguma forma, as histórias que pude contar a vocês os ajudem a superar as coisas.","E espero que, de alguma forma, as histórias que pude contar a vocês possam ajudá-los a superar as coisas.",SRC_TM_DATA/data_2024/en-pt_br-2.tmx,74302,Through(5),cc
en_pt_br,"And they didn't seem like they were visibly upset or in shock, and so I walked into the building, right into our workroom, and I cried.","E não pareciam visivelmente transtornadas ou em choque. Então entrei no prédio, na nossa sala de trabalho, e chorei.","E eles não pareciam estar visivelmente chateados ou em estado de choque, então entrei no prédio, direto para a nossa sala de trabalho, e chorei.",SRC_TM_DATA/data_2024/en-pt_br-2.tmx,74447,Into(1),cc
en_pt_br,We make our way through the darkness to get to the light at the end.,Fazemos nosso caminho pela escuridão até a luz no final.,Vamos atravessar a escuridão para chegar à luz no final.,SRC_TM_DATA/data_2024/en-pt_br-2.tmx,80955,Through(5),cc
en_pt_br,That reaches 21 kilometers into the sky.,Isso atinge 21 quilômetros até o céu.,Ela alcança 21 quilômetros no céu.,SRC_TM_DATA/data_2024/en-pt_br-2.tmx,98716,Into(1),po
